{"cameraMode":{"drawMode":0,"name":"Shaded","section":"Shading Mode"},"sceneLighting":true,"audioPlay":false,"sceneViewState":{"m_AlwaysRefresh":false,"showFog":true,"showSkybox":true,"showFlares":true,"showImageEffects":true,"showParticleSystems":true,"showVisualEffectGraphs":true,"m_FxEnabled":true},"in2DMode":false,"pivot":{"x":10.062691688537598,"y":3.4184181690216066,"z":4.219605445861816},"rotation":{"x":0.0634392574429512,"y":0.6040827035903931,"z":-0.04829535633325577,"w":0.7929874062538147},"size":7.2034783363342289,"orthographic":false}