{"cameraMode":{"drawMode":0,"name":"Shaded","section":"Shading Mode"},"sceneLighting":true,"audioPlay":false,"sceneViewState":{"m_AlwaysRefresh":false,"showFog":true,"showSkybox":true,"showFlares":true,"showImageEffects":true,"showParticleSystems":true,"showVisualEffectGraphs":true,"m_FxEnabled":true},"in2DMode":false,"pivot":{"x":5.0780439376831059,"y":1.9350714683532715,"z":-3.3590376377105715},"rotation":{"x":0.08287686854600907,"y":0.895813524723053,"z":-0.1884097307920456,"w":0.3939339816570282},"size":1.1480766534805298,"orthographic":false}